<?xml version="1.0" encoding="UTF-8"?><quandl-response><datatable><data type="array"><datum type="array"><datum type="date">2018-07-02</datum><datum>PXFSNB</datum><datum type="float">96.0</datum></datum><datum type="array"><datum type="date">2018-07-09</datum><datum>PXFSNB</datum><datum type="float">102.0</datum></datum><datum type="array"><datum type="date">2018-07-09</datum><datum>PX10MO</datum><datum type="float">101.0</datum></datum><datum type="array"><datum type="date">2018-07-09</datum><datum>PX10MP</datum><datum type="float">60.0</datum></datum><datum type="array"><datum type="date">2018-07-09</datum><datum>PX47MP</datum><datum type="float">70.0</datum></datum><datum type="array"><datum type="date">2018-07-09</datum><datum>PX47MO</datum><datum type="float">103.0</datum></datum><datum type="array"><datum type="date">2018-07-16</datum><datum>PXFSNB</datum><datum type="float">106.0</datum></datum><datum type="array"><datum type="date">2018-07-16</datum><datum>PX10MO</datum><datum type="float">105.0</datum></datum><datum type="array"><datum type="date">2018-07-16</datum><datum>PX10MP</datum><datum type="float">55.0</datum></datum><datum type="array"><datum type="date">2018-07-16</datum><datum>PX47MP</datum><datum type="float">67.0</datum></datum><datum type="array"><datum type="date">2018-07-16</datum><datum>PX47MO</datum><datum type="float">107.0</datum></datum><datum type="array"><datum type="date">2018-07-24</datum><datum>PXFSNB</datum><datum type="float">91.0</datum></datum><datum type="array"><datum type="date">2018-07-24</datum><datum>PX10MO</datum><datum type="float">89.0</datum></datum><datum type="array"><datum type="date">2018-07-24</datum><datum>PX10MP</datum><datum type="float">55.0</datum></datum><datum type="array"><datum type="date">2018-07-24</datum><datum>PX47MP</datum><datum type="float">60.0</datum></datum><datum type="array"><datum type="date">2018-07-24</datum><datum>PX47MO</datum><datum type="float">93.0</datum></datum><datum type="array"><datum type="date">2018-07-30</datum><datum>PXFSNB</datum><datum type="float">87.0</datum></datum><datum type="array"><datum type="date">2018-07-30</datum><datum>PX10MO</datum><datum type="float">80.0</datum></datum><datum type="array"><datum type="date">2018-07-30</datum><datum>PX10MP</datum><datum type="float">50.0</datum></datum><datum type="array"><datum type="date">2018-07-30</datum><datum>PX47MP</datum><datum type="float">59.5</datum></datum><datum type="array"><datum type="date">2018-07-30</datum><datum>PX47MO</datum><datum type="float">93.0</datum></datum></data><columns type="array"><column><name>date</name><type>Date</type></column><column><name>product</name><type>String</type></column><column><name>price</name><type>double</type></column></columns></datatable><meta><next-cursor-id nil="true"/></meta></quandl-response>