{"datatable":{"data":[["2018-07-02","PXFSNB",96.0],["2018-07-09","PXFSNB",102.0],["2018-07-09","PX10MO",101.0],["2018-07-09","PX10MP",60.0],["2018-07-09","PX47MP",70.0],["2018-07-09","PX47MO",103.0],["2018-07-16","PXFSNB",106.0],["2018-07-16","PX10MO",105.0],["2018-07-16","PX10MP",55.0],["2018-07-16","PX47MP",67.0],["2018-07-16","PX47MO",107.0],["2018-07-24","PXFSNB",91.0],["2018-07-24","PX10MO",89.0],["2018-07-24","PX10MP",55.0],["2018-07-24","PX47MP",60.0],["2018-07-24","PX47MO",93.0],["2018-07-30","PXFSNB",87.0],["2018-07-30","PX10MO",80.0],["2018-07-30","PX10MP",50.0],["2018-07-30","PX47MP",59.5],["2018-07-30","PX47MO",93.0]],"columns":[{"name":"date","type":"Date"},{"name":"product","type":"String"},{"name":"price","type":"double"}]},"meta":{"next_cursor_id":null}}